Workbook

Sheet nbrain5g
A1: Part ID | B1: Mid X | C1: Mid Y | D1: Layer | E1: Rotation
A2: U4 | B2: -510499 | C2: -11.26 | D2: TOP | E2: -90
A3: U8 | B3: 820303 | C3: -92252 | D3: TOP | E3: -90
A4: U10 | B4: 815185 | C4: 482501 | D4: TOP | E4: -90
A5: UVDATA_IO | B5: -12.68 | C5: 261399 | D5: TOP | E5: -90
A6: R11 | B6: -42.4 | C6: -14.65 | D6: TOP | E6: -90
A7: R12 | B7: -436001 | C7: -14.65 | D7: TOP | E7: -90
A8: R8 | B8: -486499 | C8: -18.7 | D8: TOP | E8: -180
A9: R9 | B9: -510499 | C9: -18.7 | D9: TOP | E9: -180
A10: R10 | B10: -53.45 | C10: -18.7 | D10: TOP | E10: -180
A11: R15 | B11: -446999 | C11: -14.65 | D11: TOP | E11: -270
A12: U15 | B12: -17.1 | C12: 486001 | D12: TOP | E12: 0
A13: U16 | B13: 10.8 | C13: 472001 | D13: TOP | E13: -270
A14: U18 | B14: 2.25 | C14: -379999 | D14: TOP | E14: 0
A15: U20 | B15: 588046 | C15: 116046 | D15: TOP | E15: -180
A16: U21 | B16: 57.55 | C16: -115032 | D16: TOP | E16: -270
A17: R_PUP | B17: 823501 | C17: -15.3 | D17: TOP | E17: -90
A18: R16 | B18: 924499 | C18: -289999 | D18: TOP | E18: -180
A19: R17 | B19: 97.55 | C19: -29.1 | D19: TOP | E19: 0
A20: R18 | B20: 93.85 | C20: -305001 | D20: TOP | E20: 0
A21: R19 | B21: 964499 | C21: -305001 | D21: TOP | E21: -180
A22: C9 | B22: 990999 | C22: -305999 | D22: TOP | E22: 0
A23: C10 | B23: 91.2 | C23: -305001 | D23: TOP | E23: -180
A24: C11 | B24: 964999 | C24: -322001 | D24: TOP | E24: 0
A25: C12 | B25: 937001 | C25: -322001 | D25: TOP | E25: -180
A26: R20 | B26: 926501 | C26: -26.4 | D26: TOP | E26: 0
A27: R21 | B27: 86.95 | C27: -26.4 | D27: TOP | E27: -180
A28: C3 | B28: 870999 | C28: -27.7 | D28: TOP | E28: 0
A29: C4 | B29: 924999 | C29: -27.7 | D29: TOP | E29: -180
A30: R22 | B30: 820499 | C30: -29.1 | D30: TOP | E30: -180
A31: C6 | B31: 883999 | C31: -305001 | D31: TOP | E31: 0
A32: C7 | B32: 807999 | C32: -305999 | D32: TOP | E32: -180
A33: R24 | B33: 833501 | C33: -305999 | D33: TOP | E33: 0
A34: R25 | B34: 85.85 | C34: -305999 | D34: TOP | E34: -180
A35: R23 | B35: 86.95 | C35: -29.1 | D35: TOP | E35: 0
A36: C8 | B36: 85.9 | C36: -322001 | D36: TOP | E36: 0
A37: C13 | B37: 833001 | C37: -322001 | D37: TOP | E37: -180
A38: R5 | B38: 112.31 | C38: 265999 | D38: TOP | E38: -270
A39: R7 | B39: 113.51 | C39: 265999 | D39: TOP | E39: -90
A40: U22 | B40: 106.35 | C40: 658988 | D40: TOP | E40: -90
A41: C1 | B41: 101.46 | C41: 14.25 | D41: TOP | E41: 0
A42: C2 | B42: 897499 | C42: 396001 | D42: TOP | E42: -270
A43: C22 | B43: -15.3 | C43: 37.05 | D43: TOP | E43: -90
A44: C19 | B44: -26.4 | C44: 48.15 | D44: TOP | E44: -90
A45: C21 | B45: 110.6 | C45: 158987 | D45: TOP | E45: 0
A46: C16 | B46: 703501 | C46: 59.55 | D46: TOP | E46: -270
A47: C17 | B47: 837499 | C47: 59.55 | D47: TOP | E47: -270
A48: D2 | B48: 871499 | C48: 38.45 | D48: TOP | E48: -270
A49: R26 | B49: 847999 | C49: 385501 | D49: TOP | E49: -270
A50: C35 | B50: 496999 | C50: -41.45 | D50: TOP | E50: -270
A51: U26 | B51: -714101 | C51: -21045 | D51: TOP | E51: 0
A52: U27 | B52: -795401 | C52: -9.02 | D52: TOP | E52: -180
A53: C37 | B53: -70.23 | C53: -12.42 | D53: TOP | E53: 0
A54: C38 | B54: -78.34 | C54: -17.77 | D54: TOP | E54: -270
A55: C39 | B55: -70.09 | C55: -14.32 | D55: TOP | E55: 0
A56: R13 | B56: -725401 | C56: -13.77 | D56: TOP | E56: -270
A57: D6 | B57: -684901 | C57: -30.02 | D57: TOP | E57: 0
A58: D7 | B58: -684901 | C58: -278201 | D58: TOP | E58: 0
A59: R46 | B59: -712899 | C59: -279199 | D59: TOP | E59: 0
A60: R45 | B60: -72.09 | C60: -30.02 | D60: TOP | E60: 0
A61: R56 | B61: -78.34 | C61: -20.07 | D61: TOP | E61: -270
A62: R55 | B62: -795401 | C62: -20.07 | D62: TOP | E62: -270
A63: R57 | B63: -880501 | C63: -299001 | D63: TOP | E63: -180
A64: R58 | B64: -880501 | C64: -28.7 | D64: TOP | E64: -180
A65: R49 | B65: -795401 | C65: -22.57 | D65: TOP | E65: -90
A66: R50 | B66: -74.74 | C66: -817001 | D66: TOP | E66: -90
A67: R51 | B67: -735401 | C67: -817001 | D67: TOP | E67: -90
A68: C18 | B68: -782399 | C68: -23.02 | D68: TOP | E68: -270
A69: R39 | B69: -489999 | C69: -425501 | D69: TOP | E69: -270
A70: R40 | B70: -59.5 | C70: -409499 | D70: TOP | E70: -270
A71: R41 | B71: -57.55 | C71: -41.1 | D71: TOP | E71: -180
A72: R42 | B72: -543999 | C72: -409499 | D72: TOP | E72: -270
A73: R43 | B73: -479001 | C73: -425501 | D73: TOP | E73: -270
A74: U17 | B74: -678978 | C74: 879216 | D74: TOP | E74: -270
A75: C26 | B75: -622328 | C75: 113422 | D75: TOP | E75: -90
A76: C27 | B76: -622328 | C76: 704215 | D76: TOP | E76: -270
A77: C28 | B77: -730329 | C77: 101622 | D77: TOP | E77: -270
A78: C29 | B78: -670999 | C78: 2.25 | D78: TOP | E78: -270
A79: C30 | B79: -629999 | C79: 24128 | D79: TOP | E79: -90
A80: C31 | B80: -676829 | C80: 133522 | D80: TOP | E80: -180
A81: C32 | B81: -683849 | C81: 174922 | D81: TOP | E81: 0
A82: C33 | B82: -68.2 | C82: 2.25 | D82: TOP | E82: -270
A83: C34 | B83: -726001 | C83: 24128 | D83: TOP | E83: -90
A84: R31 | B84: -65.9 | C84: 2.15 | D84: TOP | E84: -90
A85: R32 | B85: -653499 | C85: 409999 | D85: TOP | E85: -180
A86: R33 | B86: -675828 | C86: 146522 | D86: TOP | E86: 0
A87: R34 | B87: -686478 | C87: 158922 | D87: TOP | E87: 0
A88: R35 | B88: -696001 | C88: 2.15 | D88: TOP | E88: -90
A89: R36 | B89: -70.15 | C89: 409999 | D89: TOP | E89: 0
A90: L3 | B90: -60.8 | C90: 2.5 | D90: TOP | E90: -270
A91: L4 | B91: -647979 | C91: 164922 | D91: TOP | E91: -90
A92: L5 | B92: -74.8 | C92: 2.5 | D92: TOP | E92: -270
A93: D3 | B93: -863001 | C93: 19.73 | D93: TOP | E93: -270
A94: R14 | B94: -930501 | C94: 323799 | D94: TOP | E94: 0
A95: L1 | B95: -82.5 | C95: 19.88 | D95: TOP | E95: -270
A96: U1 | B96: -96.6 | C96: 178125 | D96: TOP | E96: -90
A97: RV2 | B97: -984999 | C97: 310799 | D97: TOP | E97: 0
A98: R27 | B98: -923501 | C98: 5.98 | D98: TOP | E98: -180
A99: D4 | B99: -923501 | C99: 4.18 | D99: TOP | E99: 0
A100: C42 | B100: 110.6 | C100: -36.4 | D100: TOP | E100: 0
...

Sheet Φύλλο1
A1: =nbrain5g!A1 -> Part ID | B1: =nbrain5g!B1 -> Mid X | C1: =nbrain5g!C1 -> Mid Y | D1: =nbrain5g!D1 -> Layer | E1: =nbrain5g!E1 -> Rotation
A2: =nbrain5g!A2 -> U4 | B2: =nbrain5g!B2 -> -510499 | C2: =nbrain5g!C2 -> -11.26 | D2: =nbrain5g!D2 -> TOP | E2: =IF(A2<>0,nbrain5g!E2+180,"") -> 90
A3: =nbrain5g!A3 -> U8 | B3: =nbrain5g!B3 -> 820303 | C3: =nbrain5g!C3 -> -92252 | D3: =nbrain5g!D3 -> TOP | E3: =IF(A3<>0,nbrain5g!E3+180,"") -> 90
A4: =nbrain5g!A4 -> U10 | B4: =nbrain5g!B4 -> 815185 | C4: =nbrain5g!C4 -> 482501 | D4: =nbrain5g!D4 -> TOP | E4: =IF(A4<>0,nbrain5g!E4+180,"") -> 90
A5: =nbrain5g!A5 -> UVDATA_IO | B5: =nbrain5g!B5 -> -12.68 | C5: =nbrain5g!C5 -> 261399 | D5: =nbrain5g!D5 -> TOP | E5: =IF(A5<>0,nbrain5g!E5+180,"") -> 90
A6: =nbrain5g!A6 -> R11 | B6: =nbrain5g!B6 -> -42.4 | C6: =nbrain5g!C6 -> -14.65 | D6: =nbrain5g!D6 -> TOP | E6: =IF(A6<>0,nbrain5g!E6+180,"") -> 90
A7: =nbrain5g!A7 -> R12 | B7: =nbrain5g!B7 -> -436001 | C7: =nbrain5g!C7 -> -14.65 | D7: =nbrain5g!D7 -> TOP | E7: =IF(A7<>0,nbrain5g!E7+180,"") -> 90
A8: =nbrain5g!A8 -> R8 | B8: =nbrain5g!B8 -> -486499 | C8: =nbrain5g!C8 -> -18.7 | D8: =nbrain5g!D8 -> TOP | E8: =IF(A8<>0,nbrain5g!E8+180,"") -> 0
A9: =nbrain5g!A9 -> R9 | B9: =nbrain5g!B9 -> -510499 | C9: =nbrain5g!C9 -> -18.7 | D9: =nbrain5g!D9 -> TOP | E9: =IF(A9<>0,nbrain5g!E9+180,"") -> 0
A10: =nbrain5g!A10 -> R10 | B10: =nbrain5g!B10 -> -53.45 | C10: =nbrain5g!C10 -> -18.7 | D10: =nbrain5g!D10 -> TOP | E10: =IF(A10<>0,nbrain5g!E10+180,"") -> 0
A11: =nbrain5g!A11 -> R15 | B11: =nbrain5g!B11 -> -446999 | C11: =nbrain5g!C11 -> -14.65 | D11: =nbrain5g!D11 -> TOP | E11: =IF(A11<>0,nbrain5g!E11+180,"") -> -90
A12: =nbrain5g!A12 -> U15 | B12: =nbrain5g!B12 -> -17.1 | C12: =nbrain5g!C12 -> 486001 | D12: =nbrain5g!D12 -> TOP | E12: =IF(A12<>0,nbrain5g!E12+180,"") -> 180
A13: =nbrain5g!A13 -> U16 | B13: =nbrain5g!B13 -> 10.8 | C13: =nbrain5g!C13 -> 472001 | D13: =nbrain5g!D13 -> TOP | E13: =IF(A13<>0,nbrain5g!E13+180,"") -> -90
... A466: =nbrain5g!A466 -> 0 | B466: =nbrain5g!B466 -> 0 | C466: =nbrain5g!C466 -> 0 | D466: =nbrain5g!D466 -> 0 | E466: =IF(A466<>0,nbrain5g!E466+180,"")
